,pdb,glycam name,glycan,phi site,psi site,phi,psi,B factor(Avg),BFMP ring shape
0,1cly.pdb,LFucpa1-2DGalpb1-4[LFucpa1-3]DGlcpNAcb1-C10O3,FUC(3_A_)-GAL(2_A_)-[FUC(4_A_)]-NAG(1_A_),A GAL 2 C2 C1 NAG 1 O4 C4,A GAL 2 C1 NAG 1 O4 C4 C5,157.373,256.485,"(['GAL(2_A_)', 'NAG(1_A_)'], [29.89, 26.46])","(['2.A', '1.A'], ['4C1', '4C1'])"
35,2wt0.pdb,DGalpb1-4DGlcpNAcb1-ROH,GAL(2_B_)-NAG(1_B_),B GAL 2 C2 C1 NAG 1 O4 C4,B GAL 2 C1 NAG 1 O4 C4 C5,174.818,252.123,"(['GAL(2_B_)', 'NAG(1_B_)'], [19.59, 23.77])","(['2.B', '1.B'], ['4C1', '4C1'])"
41,1kjl.pdb,DGalpb1-4DGlcpNAcb1-ROH,GAL(2_B_)-NAG(1_B_),B GAL 2 C2 C1 NAG 1 O4 C4,B GAL 2 C1 NAG 1 O4 C4 C5,172.135,251.318,"(['GAL(2_B_)', 'NAG(1_B_)'], [15.79, 24.74])","(['2.B', '1.B'], ['4C1', '4C1'])"
42,2rgs.pdb,DGalpb1-4DGlcpNAcb1-2DManpa1-6[DGlcpNAcb1-2DManpa1-3]DManpb1-4DGlcpNAcb1-4[1-6]DGlcpNAcb1-ASN,FUC(9_D_)-[GAL(6_D_)-NAG(5_D_)-MAN(4_D_)-[NAG(8_D_)-MAN(7_D_)]-MAN(3_D_)-NAG(2_D_)]-NAG(1_D_)-ASN(297_B_),D GAL 6 C2 C1 NAG 5 O4 C4,D GAL 6 C1 NAG 5 O4 C4 C5,184.514,249.497,"(['GAL(6_D_)', 'NAG(5_D_)'], [27.42, 26.06])","(['6.D', '5.D'], ['4C1', '4C1'])"
43,2rgs.pdb,DGalpb1-4DGlcpNAcb1-2DManpa1-6[DGlcpNAcb1-2DManpa1-3]DManpb1-4DGlcpNAcb1-4[1-6]DGlcpNAcb1-ASN,FUC(9_C_)-[GAL(6_C_)-NAG(5_C_)-MAN(4_C_)-[NAG(8_C_)-MAN(7_C_)]-MAN(3_C_)-NAG(2_C_)]-NAG(1_C_)-ASN(297_A_),C GAL 6 C2 C1 NAG 5 O4 C4,C GAL 6 C1 NAG 5 O4 C4 C5,180.246,251.713,"(['GAL(6_C_)', 'NAG(5_C_)'], [24.15, 27.07])","(['6.C', '5.C'], ['4C1', '4C1'])"
53,6q05.pdb,DNeup5Aca2-3DGalpb1-4[LFucpa1-3]DGlcpNAcb1-ROH,SIA(3_N_)-GAL(2_N_)-[FUC(4_N_)]-NAG(1_N_),N GAL 2 C2 C1 NAG 1 O4 C4,N GAL 2 C1 NAG 1 O4 C4 C5,126.806,292.6745,"(['GAL(2_N_)', 'NAG(1_N_)'], [19.96, 22.12])","(['2.N', '1.N'], ['4C1', '4C1'])"
54,6q05.pdb,DNeup5Aca2-3DGalpb1-4[LFucpa1-3]DGlcpNAcb1-ROH,SIA(3_j_)-GAL(2_j_)-[FUC(4_j_)]-NAG(1_j_),j GAL 2 C2 C1 NAG 1 O4 C4,j GAL 2 C1 NAG 1 O4 C4 C5,126.821,292.6791,"(['GAL(2_j_)', 'NAG(1_j_)'], [19.96, 22.12])","(['2.j', '1.j'], ['4C1', '4C1'])"
55,6q05.pdb,DNeup5Aca2-3DGalpb1-4[LFucpa1-3]DGlcpNAcb1-ROH,SIA(3_Y_)-GAL(2_Y_)-[FUC(4_Y_)]-NAG(1_Y_),Y GAL 2 C2 C1 NAG 1 O4 C4,Y GAL 2 C1 NAG 1 O4 C4 C5,126.802,292.6819,"(['GAL(2_Y_)', 'NAG(1_Y_)'], [19.96, 22.12])","(['2.Y', '1.Y'], ['4C1', '4C1'])"
57,2g7c.pdb,DGalpa1-3DGalpb1-4DGlcpNAcb1-ROH,GLA(3_F_)-GAL(2_F_)-NAG(1_F_),F GAL 2 C2 C1 NAG 1 O4 C4,F GAL 2 C1 NAG 1 O4 C4 C5,177.952,238.69,"(['GAL(2_F_)', 'NAG(1_F_)'], [19.23, 21.81])","(['2.F', '1.F'], ['4C1', '4C1'])"
58,2g7c.pdb,DGalpa1-3DGalpb1-4DGlcpNAcb1-ROH,GLA(3_D_)-GAL(2_D_)-NAG(1_D_),D GAL 2 C2 C1 NAG 1 O4 C4,D GAL 2 C1 NAG 1 O4 C4 C5,172.005,242.121,"(['GAL(2_D_)', 'NAG(1_D_)'], [11.02, 12.71])","(['2.D', '1.D'], ['4C1', '4C1'])"
62,1slb.pdb,DGalpb1-4DGlcpNAcb1-2DManpa1-3[DGalpb1-4DGlcpNAcb1-2DManpa1-6]DManpb1-4DGlcpNAcb1-ROH,GAL(8_E_)-NAG(7_E_)-MAN(6_E_)-[GAL(5_E_)-NAG(4_E_)-MAN(3_E_)]-BMA(2_E_)-NAG(1_E_),E GAL 8 C2 C1 NAG 7 O4 C4,E GAL 8 C1 NAG 7 O4 C4 C5,164.949,246.139,"(['GAL(8_E_)', 'NAG(7_E_)'], [12.24, 27.86])","(['8.E', '7.E'], ['4C1', '4C1'])"
63,1slb.pdb,DGalpb1-4DGlcpNAcb1-2DManpa1-3[DGalpb1-4DGlcpNAcb1-2DManpa1-6]DManpb1-4DGlcpNAcb1-ROH,GAL(8_E_)-NAG(7_E_)-MAN(6_E_)-[GAL(5_E_)-NAG(4_E_)-MAN(3_E_)]-BMA(2_E_)-NAG(1_E_),E GAL 5 C2 C1 NAG 4 O4 C4,E GAL 5 C1 NAG 4 O4 C4 C5,159.076,258.455,"(['GAL(5_E_)', 'NAG(4_E_)'], [19.87, 29.52])","(['5.E', '4.E'], ['4C1', '4C1'])"
66,3wg4.pdb,LFucpa1-2[DGalpNAca1-3]DGalpb1-4DGlcpNAcb1-ROH,A2G(4_C_)-[FUC(3_C_)]-GAL(2_C_)-NAG(1_C_),C GAL 2 C2 C1 NAG 1 O4 C4,C GAL 2 C1 NAG 1 O4 C4 C5,173.794,260.9971,"(['GAL(2_C_)', 'NAG(1_C_)'], [16.12, 22.53])","(['2.C', '1.C'], ['4C1', '4C1'])"
67,3wg4.pdb,LFucpa1-2[DGalpNAca1-3]DGalpb1-4DGlcpNAcb1-ROH,A2G(4_D_)-[FUC(3_D_)]-GAL(2_D_)-NAG(1_D_),D GAL 2 C2 C1 NAG 1 O4 C4,D GAL 2 C1 NAG 1 O4 C4 C5,175.279,261.5355,"(['GAL(2_D_)', 'NAG(1_D_)'], [18.08, 25.45])","(['2.D', '1.D'], ['4C1', '4C1'])"
69,4cub.pdb,DGalpb1-4DGlcpNAcb1-ROH,GAL(2_D_)-NAG(1_D_),D GAL 2 C2 C1 NAG 1 O4 C4,D GAL 2 C1 NAG 1 O4 C4 C5,150.794,223.064,"(['GAL(2_D_)', 'NAG(1_D_)'], [22.14, 26.86])","(['2.D', '1.D'], ['4C1', '4C1'])"
70,4fqc.pdb,DNeup5Aca2-6DGalpb1-4DGlcpNAcb1-2DManpa1-3[DGlcpNAcb1-2DManpa1-6]DManpb1-4DGlcpNAcb1-4[LFucpa1-6]DGlcpNAcb1-ASN,FUC(10_A_)-[NAG(9_A_)-MAN(8_A_)-[SIA(7_A_)-GAL(6_A_)-NAG(5_A_)-MAN(4_A_)]-BMA(3_A_)-NAG(2_A_)]-NAG(1_A_)-ASN(105_H_),A GAL 6 C2 C1 NAG 5 O4 C4,A GAL 6 C1 NAG 5 O4 C4 C5,157.253,232.183,"(['GAL(6_A_)', 'NAG(5_A_)'], [29.03, 27.83])","(['6.A', '5.A'], ['4C1', '4C1'])"
82,3wcs.pdb,DGalpb1-4DGlcpNAcb1-2DManpa1-ROH,GAL(3_C_)-NAG(2_C_)-MAN(1_C_),C GAL 3 C2 C1 NAG 2 O4 C4,C GAL 3 C1 NAG 2 O4 C4 C5,179.137,246.829,"(['GAL(3_C_)', 'NAG(2_C_)'], [22.69, 22.78])","(['3.C', '2.C'], ['4C1', '4C1'])"
83,8d0x.pdb,DGalpb1-4DGlcpNAcb1-3DGalpb1-ROH,GAL(3_C_)-NAG(2_C_)-GAL(1_C_),C GAL 3 C2 C1 NAG 2 O4 C4,C GAL 3 C1 NAG 2 O4 C4 C5,173.589,241.715,"(['GAL(3_C_)', 'NAG(2_C_)'], [23.14, 28.21])","(['3.C', '2.C'], ['4C1', '4C1'])"
92,5uf4.pdb,DGalpb1-4DGlcpNAcb1-3DGalpb1-4DGlcpa1-ROH,GAL(4_F_)-NAG(3_F_)-GAL(2_F_)-GLC(1_F_),F GAL 4 C2 C1 NAG 3 O4 C4,F GAL 4 C1 NAG 3 O4 C4 C5,155.898,248.634,"(['GAL(4_F_)', 'NAG(3_F_)'], [14.32, 15.67])","(['4.F', '3.F'], ['4C1', '4C1'])"
93,5uf4.pdb,DGalpb1-4DGlcpNAcb1-3DGalpb1-4DGlcpa1-ROH,GAL(4_D_)-NAG(3_D_)-GAL(2_D_)-GLC(1_D_),D GAL 4 C2 C1 NAG 3 O4 C4,D GAL 4 C1 NAG 3 O4 C4 C5,157.301,250.525,"(['GAL(4_D_)', 'NAG(3_D_)'], [12.17, 12.39])","(['4.D', '3.D'], ['4C1', '4C1'])"
94,5uf4.pdb,DGalpb1-4DGlcpNAcb1-3DGalpb1-4DGlcpa1-ROH,GAL(4_E_)-NAG(3_E_)-GAL(2_E_)-GLC(1_E_),E GAL 4 C2 C1 NAG 3 O4 C4,E GAL 4 C1 NAG 3 O4 C4 C5,158.921,248.862,"(['GAL(4_E_)', 'NAG(3_E_)'], [12.05, 12.65])","(['4.E', '3.E'], ['4C1', '4C1'])"
108,1clz.pdb,LFucpa1-2DGalpb1-4[LFucpa1-3]DGlcpNAcb1-C10O3,FUC(3_A_)-GAL(2_A_)-[FUC(4_A_)]-NAG(1_A_),A GAL 2 C2 C1 NAG 1 O4 C4,A GAL 2 C1 NAG 1 O4 C4 C5,170.885,256.259,"(['GAL(2_A_)', 'NAG(1_A_)'], [10.65, 11.58])","(['2.A', '1.A'], ['4C1', '4C1'])"
134,2wt2.pdb,DGalpb1-4DGlcpNAcb1-3DGalpb1-4DGlcpNAcb1-3DGalpb1-4DGlcpNAcb1-ROH,GAL(6_C_)-NAG(5_C_)-GAL(4_C_)-NAG(3_C_)-GAL(2_C_)-NAG(1_C_),C GAL 4 C2 C1 NAG 3 O4 C4,C GAL 4 C1 NAG 3 O4 C4 C5,172.775,238.186,"(['GAL(4_C_)', 'NAG(3_C_)'], [28.84, 26.81])","(['4.C', '3.C'], ['4C1', '4C1'])"
137,2wt2.pdb,DGalpb1-4DGlcpNAcb1-3DGalpb1-4DGlcpNAcb1-3DGalpb1-4DGlcpNAcb1-ROH,GAL(6_D_)-NAG(5_D_)-GAL(4_D_)-NAG(3_D_)-GAL(2_D_)-NAG(1_D_),D GAL 4 C2 C1 NAG 3 O4 C4,D GAL 4 C1 NAG 3 O4 C4 C5,178.549,234.581,"(['GAL(4_D_)', 'NAG(3_D_)'], [24.12, 29.8])","(['4.D', '3.D'], ['4C1', '4C1'])"
150,4ku1.pdb,DGalpb1-4DGlcpNAcb1-2DManpa1-6[DGlcpNAcb1-2DManpa1-3]DManpb1-4DGlcpNAcb1-4[LFucpb1-6]DGlcpNAcb1-ASN,FUL(9_D_)-[GAL(6_D_)-NAG(5_D_)-MAN(4_D_)-[NAG(8_D_)-MAN(7_D_)]-BMA(3_D_)-NAG(2_D_)]-NAG(1_D_)-ASN(297_B_),D GAL 6 C2 C1 NAG 5 O4 C4,D GAL 6 C1 NAG 5 O4 C4 C5,178.173,251.76,"(['GAL(6_D_)', 'NAG(5_D_)'], [24.38, 29.34])","(['6.D', '5.D'], ['4C1', '4C1'])"
154,4p25.pdb,LFucpa1-2DGalpb1-4[LFucpa1-3]DGlcpNAcb1-ROH,FUC(3_E_)-GAL(2_E_)-[FUC(4_E_)]-NAG(1_E_),E GAL 2 C2 C1 NAG 1 O4 C4,E GAL 2 C1 NAG 1 O4 C4 C5,164.081,249.086,"(['GAL(2_E_)', 'NAG(1_E_)'], [15.03, 21.39])","(['2.E', '1.E'], ['4C1', '4C1'])"
155,4p25.pdb,LFucpa1-2DGalpb1-4[LFucpa1-3]DGlcpNAcb1-ROH,FUC(3_H_)-GAL(2_H_)-[FUC(4_H_)]-NAG(1_H_),H GAL 2 C2 C1 NAG 1 O4 C4,H GAL 2 C1 NAG 1 O4 C4 C5,161.101,247.819,"(['GAL(2_H_)', 'NAG(1_H_)'], [13.68, 27.26])","(['2.H', '1.H'], ['4C1', '4C1'])"
156,4p25.pdb,LFucpa1-2DGalpb1-4[LFucpa1-3]DGlcpNAcb1-ROH,FUC(3_G_)-GAL(2_G_)-[FUC(4_G_)]-NAG(1_G_),G GAL 2 C2 C1 NAG 1 O4 C4,G GAL 2 C1 NAG 1 O4 C4 C5,163.695,249.213,"(['GAL(2_G_)', 'NAG(1_G_)'], [13.72, 19.21])","(['2.G', '1.G'], ['4C1', '4C1'])"
158,1rez.pdb,DGalpb1-4DGlcpNAcb1-C3O2,GAL(2_B_)-NAG(1_B_)-GOL(133_A_),B GAL 2 C2 C1 NAG 1 O4 C4,B GAL 2 C1 NAG 1 O4 C4 C5,170.526,241.426,"(['GAL(2_B_)', 'NAG(1_B_)'], [23.45, 17.14])","(['2.B', '1.B'], ['4C1', '4C1'])"
171,4zet.pdb,DGalpb1-4DGlcpNAcb1-2DManpa1-ROH,GAL(3_C_)-NAG(2_C_)-MAN(1_C_),C GAL 3 C2 C1 NAG 2 O4 C4,C GAL 3 C1 NAG 2 O4 C4 C5,156.805,219.985,"(['GAL(3_C_)', 'NAG(2_C_)'], [20.75, 19.44])","(['3.C', '2.C'], ['4C1', '4C1'])"
178,8d0w.pdb,LFucpa1-2DGalpb1-4DGlcpNAcb1-ROH,FUC(3_C_)-GAL(2_C_)-NAG(1_C_),C GAL 2 C2 C1 NAG 1 O4 C4,C GAL 2 C1 NAG 1 O4 C4 C5,175.476,241.678,"(['GAL(2_C_)', 'NAG(1_C_)'], [22.59, 26.43])","(['2.C', '1.C'], ['4C1', '4C1'])"
182,1o7q.pdb,DGalpb1-4DGlcpNAcb1-ROH,GAL(2_D_)-NAG(1_D_),D GAL 2 C2 C1 NAG 1 O4 C4,D GAL 2 C1 NAG 1 O4 C4 C5,160.66,232.187,"(['GAL(2_D_)', 'NAG(1_D_)'], [7.64, 12.55])","(['2.D', '1.D'], ['4C1', '4C1'])"
183,1o7q.pdb,DGalpb1-4DGlcpNAcb1-ROH,GAL(2_C_)-NAG(1_C_),C GAL 2 C2 C1 NAG 1 O4 C4,C GAL 2 C1 NAG 1 O4 C4 C5,158.024,231.71,"(['GAL(2_C_)', 'NAG(1_C_)'], [8.25, 12.73])","(['2.C', '1.C'], ['4C1', '4C1'])"
213,5xfi.pdb,DGalpb1-4DGlcpNAcb1-2DManpa1-3[DGlcpNAcb1-2DManpa1-6]DManpb1-4DGlcpNAcb1-4DGlcpNAcb1-ROH,NAG(8_C_)-MAN(7_C_)-[GAL(6_C_)-NAG(5_C_)-MAN(4_C_)]-BMA(3_C_)-NAG(2_C_)-NAG(1_C_),C GAL 6 C2 C1 NAG 5 O4 C4,C GAL 6 C1 NAG 5 O4 C4 C5,161.601,219.589,"(['GAL(6_C_)', 'NAG(5_C_)'], [24.5, 20.71])","(['6.C', '5.C'], ['4C1', '4C1'])"
214,5xfi.pdb,DGalpb1-4DGlcpNAcb1-2DManpa1-3[DGlcpNAcb1-2DManpa1-6]DManpb1-4DGlcpNAcb1-4DGlcpNAcb1-ROH,NAG(8_D_)-MAN(7_D_)-[GAL(6_D_)-NAG(5_D_)-MAN(4_D_)]-BMA(3_D_)-NAG(2_D_)-NAG(1_D_),D GAL 6 C2 C1 NAG 5 O4 C4,D GAL 6 C1 NAG 5 O4 C4 C5,159.24,215.902,"(['GAL(6_D_)', 'NAG(5_D_)'], [24.04, 20.34])","(['6.D', '5.D'], ['4C1', '4C1'])"
229,3zzv.pdb,LFucpa1-2DGalpb1-4DGlcpNAcb1-ROH,FUC(3_D_)-GAL(2_D_)-NAG(1_D_),D GAL 2 C2 C1 NAG 1 O4 C4,D GAL 2 C1 NAG 1 O4 C4 C5,176.928,236.121,"(['GAL(2_D_)', 'NAG(1_D_)'], [16.8, 29.73])","(['2.D', '1.D'], ['4C1', '4C1'])"
234,2zhk.pdb,DGalpb1-4DGlcpNAcb1-3DGalpb1-4DGlcpNAcb1-ROH,GAL(4_D_)-NAG(3_D_)-GAL(2_D_)-NAG(1_D_),D GAL 4 C2 C1 NAG 3 O4 C4,D GAL 4 C1 NAG 3 O4 C4 C5,176.106,257.378,"(['GAL(4_D_)', 'NAG(3_D_)'], [18.41, 22.99])","(['4.D', '3.D'], ['4C1', '4C1'])"
240,3nxd.pdb,DNeup5Aca2-6DGalpb1-4DGlcpNAcb1-3DGalpb1-4DGlcpb1-ROH,SIA(5_F_)-GAL(4_F_)-NAG(3_F_)-GAL(2_F_)-BGC(1_F_),F GAL 4 C2 C1 NAG 3 O4 C4,F GAL 4 C1 NAG 3 O4 C4 C5,150.241,219.353,"(['GAL(4_F_)', 'NAG(3_F_)'], [20.58, 21.88])","(['4.F', '3.F'], ['4C1', '4C1'])"
241,3nxd.pdb,DNeup5Aca2-6DGalpb1-4DGlcpNAcb1-3DGalpb1-4DGlcpb1-ROH,SIA(5_G_)-GAL(4_G_)-NAG(3_G_)-GAL(2_G_)-BGC(1_G_),G GAL 4 C2 C1 NAG 3 O4 C4,G GAL 4 C1 NAG 3 O4 C4 C5,146.394,223.017,"(['GAL(4_G_)', 'NAG(3_G_)'], [20.89, 22.5])","(['4.G', '3.G'], ['4C1', '4C1'])"
311,4x13.pdb,DNeup5Aca2-6DGalpb1-4DGlcpNAcb1-3DGalpb1-4DGlcpb1-ROH,SIA(5_F_)-GAL(4_F_)-NAG(3_F_)-GAL(2_F_)-BGC(1_F_),F GAL 4 C2 C1 NAG 3 O4 C4,F GAL 4 C1 NAG 3 O4 C4 C5,153.176,215.4,"(['GAL(4_F_)', 'NAG(3_F_)'], [22.39, 26.46])","(['4.F', '3.F'], ['4C1', '4C1'])"
312,4x13.pdb,DNeup5Aca2-6DGalpb1-4DGlcpNAcb1-3DGalpb1-4DGlcpb1-ROH,SIA(5_G_)-GAL(4_G_)-NAG(3_G_)-GAL(2_G_)-BGC(1_G_),G GAL 4 C2 C1 NAG 3 O4 C4,G GAL 4 C1 NAG 3 O4 C4 C5,150.692,218.864,"(['GAL(4_G_)', 'NAG(3_G_)'], [23.01, 23.65])","(['4.G', '3.G'], ['4C1', '4C1'])"
314,1slc.pdb,DGalpb1-4DGlcpNAcb1-2DManpa1-3[DGalpb1-4DGlcpNAcb1-2DManpa1-6]DManpb1-4DGlcpNAcb1-ROH,GAL(8_E_)-NAG(7_E_)-MAN(6_E_)-[GAL(5_E_)-NAG(4_E_)-MAN(3_E_)]-BMA(2_E_)-NAG(1_E_),E GAL 8 C2 C1 NAG 7 O4 C4,E GAL 8 C1 NAG 7 O4 C4 C5,169.078,258.423,"(['GAL(8_E_)', 'NAG(7_E_)'], [15.49, 25.01])","(['8.E', '7.E'], ['4C1', '4C1'])"
315,1slc.pdb,DGalpb1-4DGlcpNAcb1-2DManpa1-3[DGalpb1-4DGlcpNAcb1-2DManpa1-6]DManpb1-4DGlcpNAcb1-ROH,GAL(8_E_)-NAG(7_E_)-MAN(6_E_)-[GAL(5_E_)-NAG(4_E_)-MAN(3_E_)]-BMA(2_E_)-NAG(1_E_),E GAL 5 C2 C1 NAG 4 O4 C4,E GAL 5 C1 NAG 4 O4 C4 C5,166.136,253.817,"(['GAL(5_E_)', 'NAG(4_E_)'], [18.96, 27.86])","(['5.E', '4.E'], ['4C1', '4C1'])"
316,1slc.pdb,DGalpb1-4DGlcpNAcb1-2DManpa1-3[DGalpb1-4DGlcpNAcb1-2DManpa1-6]DManpb1-4DGlcpNAca1-ROH,GAL(8_F_)-NAG(7_F_)-MAN(6_F_)-[GAL(5_F_)-NAG(4_F_)-MAN(3_F_)]-BMA(2_F_)-NDG(1_F_),F GAL 8 C2 C1 NAG 7 O4 C4,F GAL 8 C1 NAG 7 O4 C4 C5,167.378,251.648,"(['GAL(8_F_)', 'NAG(7_F_)'], [16.06, 27.68])","(['8.F', '7.F'], ['4C1', '4C1'])"
317,1slc.pdb,DGalpb1-4DGlcpNAcb1-2DManpa1-3[DGalpb1-4DGlcpNAcb1-2DManpa1-6]DManpb1-4DGlcpNAca1-ROH,GAL(8_F_)-NAG(7_F_)-MAN(6_F_)-[GAL(5_F_)-NAG(4_F_)-MAN(3_F_)]-BMA(2_F_)-NDG(1_F_),F GAL 5 C2 C1 NAG 4 O4 C4,F GAL 5 C1 NAG 4 O4 C4 C5,174.256,252.443,"(['GAL(5_F_)', 'NAG(4_F_)'], [18.91, 25.55])","(['5.F', '4.F'], ['4C1', '4C1'])"
352,3nv3.pdb,DGalpb1-4DGlcpNAcb1-2DManpa1-ROH,GAL(3_B_)-NAG(2_B_)-MAN(1_B_),B GAL 3 C2 C1 NAG 2 O4 C4,B GAL 3 C1 NAG 2 O4 C4 C5,173.76,253.571,"(['GAL(3_B_)', 'NAG(2_B_)'], [18.84, 27.56])","(['3.B', '2.B'], ['4C1', '4C1'])"
360,6fx3.pdb,DNeup5Aca2-6DGalpb1-4DGlcpNAcb1-2DManpa1-6[DGlcpNAcb1-2DManpa1-3]DManpb1-4DGlcpNAcb1-4[LFucpa1-6]DGlcpNAcb1-N3,FUC(10_C_)-[SIA(7_C_)-GAL(6_C_)-NAG(5_C_)-MAN(4_C_)-[NAG(9_C_)-MAN(8_C_)]-BMA(3_C_)-NAG(2_C_)]-C4W(1_C_),C GAL 6 C2 C1 NAG 5 O4 C4,C GAL 6 C1 NAG 5 O4 C4 C5,154.111,210.783,"(['GAL(6_C_)', 'NAG(5_C_)'], [26.55, 27.94])","(['6.C', '5.C'], ['4C1', '4C1'])"
361,6fx3.pdb,DNeup5Aca2-6DGalpb1-4DGlcpNAcb1-2DManpa1-6DManpb1-4DGlcpNAcb1-4[LFucpa1-6]DGlcpNAcb1-N3,FUC(8_D_)-[SIA(7_D_)-GAL(6_D_)-NAG(5_D_)-MAN(4_D_)-BMA(3_D_)-NAG(2_D_)]-C4W(1_D_),D GAL 6 C2 C1 NAG 5 O4 C4,D GAL 6 C1 NAG 5 O4 C4 C5,151.674,211.947,"(['GAL(6_D_)', 'NAG(5_D_)'], [25.61, 27.02])","(['6.D', '5.D'], ['4C1', '4C1'])"
364,1g9f.pdb,DGalpb1-4DGlcpNAcb1-2[DGalpb1-4DGlcpNAcb1-3]DGalpb1-ROH,GAL(5_C_)-NAG(4_C_)-[GAL(3_C_)-NAG(2_C_)]-GAL(1_C_),C GAL 5 C2 C1 NAG 4 O4 C4,C GAL 5 C1 NAG 4 O4 C4 C5,139.619,217.707,"(['GAL(5_C_)', 'NAG(4_C_)'], [17.57, 26.44])","(['5.C', '4.C'], ['4C1', '4C1'])"
365,1g9f.pdb,DGalpb1-4DGlcpNAcb1-2[DGalpb1-4DGlcpNAcb1-3]DGalpb1-ROH,GAL(5_C_)-NAG(4_C_)-[GAL(3_C_)-NAG(2_C_)]-GAL(1_C_),C GAL 3 C2 C1 NAG 2 O4 C4,C GAL 3 C1 NAG 2 O4 C4 C5,163.13,243.266,"(['GAL(3_C_)', 'NAG(2_C_)'], [23.26, 28.53])","(['3.C', '2.C'], ['4C1', '4C1'])"
387,4p1v.pdb,LFucpa1-2DGalpb1-4DGlcpNAcb1-ROH,FUC(3_H_)-GAL(2_H_)-NAG(1_H_),H GAL 2 C2 C1 NAG 1 O4 C4,H GAL 2 C1 NAG 1 O4 C4 C5,164.991,254.184,"(['GAL(2_H_)', 'NAG(1_H_)'], [6.6, 12.57])","(['2.H', '1.H'], ['4C1', '4C1'])"
388,4p1v.pdb,LFucpa1-2DGalpb1-4DGlcpNAcb1-ROH,FUC(3_G_)-GAL(2_G_)-NAG(1_G_),G GAL 2 C2 C1 NAG 1 O4 C4,G GAL 2 C1 NAG 1 O4 C4 C5,165.243,255.809,"(['GAL(2_G_)', 'NAG(1_G_)'], [9.08, 29.81])","(['2.G', '1.G'], ['4C1', '4C1'])"
389,4p1v.pdb,LFucpa1-2DGalpb1-4DGlcpNAcb1-ROH,FUC(3_E_)-GAL(2_E_)-NAG(1_E_),E GAL 2 C2 C1 NAG 1 O4 C4,E GAL 2 C1 NAG 1 O4 C4 C5,177.403,246.7,"(['GAL(2_E_)', 'NAG(1_E_)'], [9.0, 19.08])","(['2.E', '1.E'], ['4C1', '4C1'])"
390,4p1v.pdb,LFucpa1-2DGalpb1-4DGlcpNAcb1-ROH,FUC(3_F_)-GAL(2_F_)-NAG(1_F_),F GAL 2 C2 C1 NAG 1 O4 C4,F GAL 2 C1 NAG 1 O4 C4 C5,162.013,246.835,"(['GAL(2_F_)', 'NAG(1_F_)'], [9.56, 20.45])","(['2.F', '1.F'], ['4C1', '4C1'])"
397,1ubz.pdb,DGalpb1-4DGlcpNAcb1-C3O2,GAL(2_B_)-NAG(1_B_)-GOL(135_A_),B GAL 2 C2 C1 NAG 1 O4 C4,B GAL 2 C1 NAG 1 O4 C4 C5,172.674,241.976,"(['GAL(2_B_)', 'NAG(1_B_)'], [11.0, 9.3])","(['2.B', '1.B'], ['4C1', '4C1'])"
401,2zhl.pdb,DGalpb1-4DGlcpNAcb1-3DGalpb1-4DGlcpNAcb1-ROH,GAL(4_E_)-NAG(3_E_)-GAL(2_E_)-NAG(1_E_),E GAL 2 C2 C1 NAG 1 O4 C4,E GAL 2 C1 NAG 1 O4 C4 C5,166.645,255.918,"(['GAL(2_E_)', 'NAG(1_E_)'], [19.98, 28.68])","(['2.E', '1.E'], ['4C1', '4C1'])"
403,2zhl.pdb,DGalpb1-4DGlcpNAcb1-3DGalpb1-4DGlcpNAcb1-ROH,GAL(4_F_)-NAG(3_F_)-GAL(2_F_)-NAG(1_F_),F GAL 2 C2 C1 NAG 1 O4 C4,F GAL 2 C1 NAG 1 O4 C4 C5,175.981,248.813,"(['GAL(2_F_)', 'NAG(1_F_)'], [17.93, 25.39])","(['2.F', '1.F'], ['4C1', '4C1'])"
406,2zhl.pdb,DGalpb1-4DGlcpNAcb1-3DGalpb1-4DGlcpNAcb1-ROH,GAL(4_H_)-NAG(3_H_)-GAL(2_H_)-NAG(1_H_),H GAL 4 C2 C1 NAG 3 O4 C4,H GAL 4 C1 NAG 3 O4 C4 C5,170.2,254.418,"(['GAL(4_H_)', 'NAG(3_H_)'], [18.44, 24.46])","(['4.H', '3.H'], ['4C1', '4C1'])"
409,1re2.pdb,DGalpb1-4DGlcpNAcb1-C3O2,GAL(2_B_)-NAG(1_B_)-GOL(135_A_),B GAL 2 C2 C1 NAG 1 O4 C4,B GAL 2 C1 NAG 1 O4 C4 C5,172.725,243.838,"(['GAL(2_B_)', 'NAG(1_B_)'], [20.38, 21.05])","(['2.B', '1.B'], ['4C1', '4C1'])"
416,2d6n.pdb,DGalpb1-4DGlcpNAcb1-ROH,GAL(2_C_)-NAG(1_C_),C GAL 2 C2 C1 NAG 1 O4 C4,C GAL 2 C1 NAG 1 O4 C4 C5,170.517,257.454,"(['GAL(2_C_)', 'NAG(1_C_)'], [8.49, 20.11])","(['2.C', '1.C'], ['4C1', '4C1'])"
428,7ska.pdb,DGalpb1-4DGlcpNAcb1-2[DGalpb1-4DGlcpNAcb1-4]DManpa1-3DManpb1-4DGlcpNAcb1-4DGlcpNAcx1-,GAL(8_x_)-NAG(7_x_)-[GAL(6_x_)-NAG(5_x_)]-MAN(4_x_)-BMA(3_x_)-NAG(2_x_)-NAG(1_x_),x GAL 8 C2 C1 NAG 7 O4 C4,x GAL 8 C1 NAG 7 O4 C4 C5,136.244,229.604,"(['GAL(8_x_)', 'NAG(7_x_)'], [0.0, 0.0])","(['8.x', '7.x'], ['4C1', '4C1'])"
429,7ska.pdb,DGalpb1-4DGlcpNAcb1-2[DGalpb1-4DGlcpNAcb1-4]DManpa1-3DManpb1-4DGlcpNAcb1-4DGlcpNAcx1-,GAL(8_x_)-NAG(7_x_)-[GAL(6_x_)-NAG(5_x_)]-MAN(4_x_)-BMA(3_x_)-NAG(2_x_)-NAG(1_x_),x GAL 6 C2 C1 NAG 5 O4 C4,x GAL 6 C1 NAG 5 O4 C4 C5,173.899,238.567,"(['GAL(6_x_)', 'NAG(5_x_)'], [0.0, 0.0])","(['6.x', '5.x'], ['4C1', '4C1'])"
430,7ska.pdb,DGalpb1-4DGlcpNAcb1-2[DGalpb1-4DGlcpNAcb1-4]DManpa1-3DManpb1-4DGlcpNAcb1-4DGlcpNAcx1-,GAL(8_Q_)-NAG(7_Q_)-[GAL(6_Q_)-NAG(5_Q_)]-MAN(4_Q_)-BMA(3_Q_)-NAG(2_Q_)-NAG(1_Q_),Q GAL 8 C2 C1 NAG 7 O4 C4,Q GAL 8 C1 NAG 7 O4 C4 C5,136.223,229.633,"(['GAL(8_Q_)', 'NAG(7_Q_)'], [0.0, 0.0])","(['8.Q', '7.Q'], ['4C1', '4C1'])"
431,7ska.pdb,DGalpb1-4DGlcpNAcb1-2[DGalpb1-4DGlcpNAcb1-4]DManpa1-3DManpb1-4DGlcpNAcb1-4DGlcpNAcx1-,GAL(8_Q_)-NAG(7_Q_)-[GAL(6_Q_)-NAG(5_Q_)]-MAN(4_Q_)-BMA(3_Q_)-NAG(2_Q_)-NAG(1_Q_),Q GAL 6 C2 C1 NAG 5 O4 C4,Q GAL 6 C1 NAG 5 O4 C4 C5,173.861,238.566,"(['GAL(6_Q_)', 'NAG(5_Q_)'], [0.0, 0.0])","(['6.Q', '5.Q'], ['4C1', '4C1'])"
432,7ska.pdb,DGalpb1-4DGlcpNAcb1-2[DGalpb1-4DGlcpNAcb1-4]DManpa1-3DManpb1-4DGlcpNAcb1-4DGlcpNAcx1-,GAL(8_g_)-NAG(7_g_)-[GAL(6_g_)-NAG(5_g_)]-MAN(4_g_)-BMA(3_g_)-NAG(2_g_)-NAG(1_g_),g GAL 8 C2 C1 NAG 7 O4 C4,g GAL 8 C1 NAG 7 O4 C4 C5,136.202,229.661,"(['GAL(8_g_)', 'NAG(7_g_)'], [0.0, 0.0])","(['8.g', '7.g'], ['4C1', '4C1'])"
433,7ska.pdb,DGalpb1-4DGlcpNAcb1-2[DGalpb1-4DGlcpNAcb1-4]DManpa1-3DManpb1-4DGlcpNAcb1-4DGlcpNAcx1-,GAL(8_g_)-NAG(7_g_)-[GAL(6_g_)-NAG(5_g_)]-MAN(4_g_)-BMA(3_g_)-NAG(2_g_)-NAG(1_g_),g GAL 6 C2 C1 NAG 5 O4 C4,g GAL 6 C1 NAG 5 O4 C4 C5,173.88,238.559,"(['GAL(6_g_)', 'NAG(5_g_)'], [0.0, 0.0])","(['6.g', '5.g'], ['4C1', '4C1'])"
442,1uc0.pdb,DGalpb1-4DGlcpNAcb1-C3O2,GAL(2_B_)-NAG(1_B_)-GOL(132_A_),B GAL 2 C2 C1 NAG 1 O4 C4,B GAL 2 C1 NAG 1 O4 C4 C5,162.697,245.191,"(['GAL(2_B_)', 'NAG(1_B_)'], [23.42, 14.23])","(['2.B', '1.B'], ['4C1', '4C1'])"
449,1ppg.pdb,DGalpb1-4DGlcpNAcb1-2DManpa1-6[DManpa1-3]DManpb1-4DGlcpNAcb1-4[LFucpa1-6]DGlcpNAcb1-ASN,FUC(8_A_)-[GAL(6_A_)-NAG(5_A_)-MAN(4_A_)-[MAN(7_A_)]-BMA(3_A_)-NAG(2_A_)]-NAG(1_A_)-ASN(159_E_),A GAL 6 C2 C1 NAG 5 O4 C4,A GAL 6 C1 NAG 5 O4 C4 C5,185.287,239.591,"(['GAL(6_A_)', 'NAG(5_A_)'], [0.0, 0.0])","(['6.A', '5.A'], ['4C1', '4C1'])"
499,1w8f.pdb,DGalpb1-4DGlcpNAcb1-3DGalpb1-4[LFucpa1-3]DGlcpb1-ROH,GAL(4_H_)-NAG(3_H_)-GAL(2_H_)-[FUC(5_H_)]-BGC(1_H_),H GAL 4 C2 C1 NAG 3 O4 C4,H GAL 4 C1 NAG 3 O4 C4 C5,166.083,248.159,"(['GAL(4_H_)', 'NAG(3_H_)'], [12.1, 11.69])","(['4.H', '3.H'], ['4C1', '4C1'])"
500,1w8f.pdb,DGalpb1-4DGlcpNAcb1-3DGalpb1-4[LFucpa1-3]DGlcpb1-ROH,GAL(4_F_)-NAG(3_F_)-GAL(2_F_)-[FUC(5_F_)]-BGC(1_F_),F GAL 4 C2 C1 NAG 3 O4 C4,F GAL 4 C1 NAG 3 O4 C4 C5,165.505,247.757,"(['GAL(4_F_)', 'NAG(3_F_)'], [11.99, 11.94])","(['4.F', '3.F'], ['4C1', '4C1'])"
501,5uf1.pdb,LFucpa1-2DGalpb1-4DGlcpNAcb1-ROH,FUC(3_D_)-GAL(2_D_)-NAG(1_D_),D GAL 2 C2 C1 NAG 1 O4 C4,D GAL 2 C1 NAG 1 O4 C4 C5,153.037,256.175,"(['GAL(2_D_)', 'NAG(1_D_)'], [17.87, 21.23])","(['2.D', '1.D'], ['4C1', '4C1'])"
502,5uf1.pdb,LFucpa1-2DGalpb1-4DGlcpNAcb1-ROH,FUC(3_C_)-GAL(2_C_)-NAG(1_C_),C GAL 2 C2 C1 NAG 1 O4 C4,C GAL 2 C1 NAG 1 O4 C4 C5,153.733,257.63,"(['GAL(2_C_)', 'NAG(1_C_)'], [21.73, 25.95])","(['2.C', '1.C'], ['4C1', '4C1'])"
521,6ial.pdb,DGalpb1-4DGlcpNAcb1-3[DGalpb1-4DGlcpNAcb1-6]DGalpb1-4DGlcpb1-ROH,GAL(6_K_)-NAG(5_K_)-[GAL(4_K_)-NAG(3_K_)]-GAL(2_K_)-BGC(1_K_),K GAL 4 C2 C1 NAG 3 O4 C4,K GAL 4 C1 NAG 3 O4 C4 C5,148.366,237.57,"(['GAL(4_K_)', 'NAG(3_K_)'], [13.14, 19.39])","(['4.K', '3.K'], ['4C1', '4C1'])"
523,6ial.pdb,DGalpb1-4DGlcpNAcb1-3[DGalpb1-4DGlcpNAcb1-6]DGalpb1-4DGlcpb1-ROH,GAL(6_L_)-NAG(5_L_)-[GAL(4_L_)-NAG(3_L_)]-GAL(2_L_)-BGC(1_L_),L GAL 4 C2 C1 NAG 3 O4 C4,L GAL 4 C1 NAG 3 O4 C4 C5,153.093,224.846,"(['GAL(4_L_)', 'NAG(3_L_)'], [13.82, 22.03])","(['4.L', '3.L'], ['4C1', '4C1'])"
533,3wg3.pdb,LFucpa1-2[DGalpNAca1-3]DGalpb1-4DGlcpNAcb1-ROH,A2G(4_D_)-[FUC(3_D_)]-GAL(2_D_)-NAG(1_D_),D GAL 2 C2 C1 NAG 1 O4 C4,D GAL 2 C1 NAG 1 O4 C4 C5,173.242,258.24,"(['GAL(2_D_)', 'NAG(1_D_)'], [13.04, 19.84])","(['2.D', '1.D'], ['4C1', '4C1'])"
534,3wg3.pdb,LFucpa1-2[DGalpNAca1-3]DGalpb1-4DGlcpNAcb1-ROH,A2G(4_C_)-[FUC(3_C_)]-GAL(2_C_)-NAG(1_C_),C GAL 2 C2 C1 NAG 1 O4 C4,C GAL 2 C1 NAG 1 O4 C4 C5,175.145,261.4465,"(['GAL(2_C_)', 'NAG(1_C_)'], [10.92, 16.01])","(['2.C', '1.C'], ['4C1', '4C1'])"
536,3pa2.pdb,LFucpa1-2DGalpb1-4[LFucpa1-3]DGlcpNAcb1-ROH,FUC(3_C_)-GAL(2_C_)-[FUC(4_C_)]-NAG(1_C_),C GAL 2 C2 C1 NAG 1 O4 C4,C GAL 2 C1 NAG 1 O4 C4 C5,175.08,245.582,"(['GAL(2_C_)', 'NAG(1_C_)'], [20.92, 23.28])","(['2.C', '1.C'], ['4C1', '4C1'])"
542,4yg0.pdb,DGalpb1-4DGlcpNAcb1-3DGalpb1-4DGlcpb1-ROH,GAL(4_B_)-NAG(3_B_)-GAL(2_B_)-BGC(1_B_),B GAL 4 C2 C1 NAG 3 O4 C4,B GAL 4 C1 NAG 3 O4 C4 C5,162.873,252.875,"(['GAL(4_B_)', 'NAG(3_B_)'], [7.7, 10.58])","(['4.B', '3.B'], ['4C1', '4C1'])"
543,4tqm.pdb,DGlcpNAcb1-3DGalpb1-4DGlcpNAcb1-ROH,NAG(3_B_)-GAL(2_B_)-NAG(1_B_),B GAL 2 C2 C1 NAG 1 O4 C4,B GAL 2 C1 NAG 1 O4 C4 C5,157.036,226.969,"(['GAL(2_B_)', 'NAG(1_B_)'], [27.5, 26.94])","(['2.B', '1.B'], ['4C1', '4C1'])"
548,5t7i.pdb,DGalpb1-4DGlcpNAcb1-3DGalpb1-4DGlcpb1-ROH,GAL(4_B_)-NAG(3_B_)-GAL(2_B_)-BGC(1_B_),B GAL 4 C2 C1 NAG 3 O4 C4,B GAL 4 C1 NAG 3 O4 C4 C5,170.523,247.769,"(['GAL(4_B_)', 'NAG(3_B_)'], [18.07, 15.72])","(['4.B', '3.B'], ['4C1', '4C1'])"
551,1ppf.pdb,DGalpb1-4DGlcpNAcb1-2DManpa1-6[DManpa1-3]DManpb1-4DGlcpNAcb1-4[LFucpa1-6]DGlcpNAcb1-ASN,FUC(8_A_)-[GAL(6_A_)-NAG(5_A_)-MAN(4_A_)-[MAN(7_A_)]-BMA(3_A_)-NAG(2_A_)]-NAG(1_A_)-ASN(159_E_),A GAL 6 C2 C1 NAG 5 O4 C4,A GAL 6 C1 NAG 5 O4 C4 C5,191.806,240.939,"(['GAL(6_A_)', 'NAG(5_A_)'], [0.0, 0.0])","(['6.A', '5.A'], ['4C1', '4C1'])"
581,5ufc.pdb,LFucpa1-2DGalpb1-4DGlcpNAcb1-ROH,FUC(3_E_)-GAL(2_E_)-NAG(1_E_),E GAL 2 C2 C1 NAG 1 O4 C4,E GAL 2 C1 NAG 1 O4 C4 C5,166.969,250.283,"(['GAL(2_E_)', 'NAG(1_E_)'], [23.55, 25.42])","(['2.E', '1.E'], ['4C1', '4C1'])"
582,5ufc.pdb,LFucpa1-2DGalpb1-4DGlcpNAcb1-ROH,FUC(3_D_)-GAL(2_D_)-NAG(1_D_),D GAL 2 C2 C1 NAG 1 O4 C4,D GAL 2 C1 NAG 1 O4 C4 C5,163.419,251.839,"(['GAL(2_D_)', 'NAG(1_D_)'], [25.33, 28.09])","(['2.D', '1.D'], ['4C1', '4C1'])"
585,1l6x.pdb,DGalpb1-4DGlcpNAcb1-2DManpa1-3[DGalpb1-4DGlcpNAcb1-2DManpa1-6]DManpb1-4DGlcpNAcb1-4[LFucpb1-6]DGlcpNAcb1-ASN,FUL(10_C_)-[GAL(9_C_)-NAG(8_C_)-MAN(7_C_)-[GAL(6_C_)-NAG(5_C_)-MAN(4_C_)]-BMA(3_C_)-NAG(2_C_)]-NAG(1_C_)-ASN(297_A_),C GAL 9 C2 C1 NAG 8 O4 C4,C GAL 9 C1 NAG 8 O4 C4 C5,184.778,251.352,"(['GAL(9_C_)', 'NAG(8_C_)'], [15.21, 21.2])","(['9.C', '8.C'], ['4C1', '4C1'])"
614,2zhn.pdb,DGalpb1-4DGlcpNAcb1-3DGalpb1-4DGlcpNAcb1-3DGalpb1-4DGlcpNAcb1-C6N1O3,GAL(6_B_)-NAG(5_B_)-GAL(4_B_)-NAG(3_B_)-GAL(2_B_)-NAG(1_B_),B GAL 6 C2 C1 NAG 5 O4 C4,B GAL 6 C1 NAG 5 O4 C4 C5,161.054,244.008,"(['GAL(6_B_)', 'NAG(5_B_)'], [13.79, 11.83])","(['6.B', '5.B'], ['4C1', '4C1'])"
615,2zhn.pdb,DGalpb1-4DGlcpNAcb1-3DGalpb1-4DGlcpNAcb1-3DGalpb1-4DGlcpNAcb1-C6N1O3,GAL(6_B_)-NAG(5_B_)-GAL(4_B_)-NAG(3_B_)-GAL(2_B_)-NAG(1_B_),B GAL 4 C2 C1 NAG 3 O4 C4,B GAL 4 C1 NAG 3 O4 C4 C5,171.657,254.854,"(['GAL(4_B_)', 'NAG(3_B_)'], [5.75, 9.25])","(['4.B', '3.B'], ['4C1', '4C1'])"
616,2zhn.pdb,DGalpb1-4DGlcpNAcb1-3DGalpb1-4DGlcpNAcb1-3DGalpb1-4DGlcpNAcb1-C6N1O3,GAL(6_B_)-NAG(5_B_)-GAL(4_B_)-NAG(3_B_)-GAL(2_B_)-NAG(1_B_),B GAL 2 C2 C1 NAG 1 O4 C4,B GAL 2 C1 NAG 1 O4 C4 C5,154.071,256.677,"(['GAL(2_B_)', 'NAG(1_B_)'], [11.64, 11.15])","(['2.B', '1.B'], ['4C1', '4C1'])"
631,5gsq.pdb,DGalpb1-4DGlcpNAcb1-2DManpa1-6[DManpa1-3]DManpb1-4DGlcpNAcb1-4DGlcpNAcb1-ASN,GAL(6_E_)-NAG(5_E_)-MAN(4_E_)-[MAN(7_E_)]-BMA(3_E_)-NAG(2_E_)-NAG(1_E_)-ASN(297_A_),E GAL 6 C2 C1 NAG 5 O4 C4,E GAL 6 C1 NAG 5 O4 C4 C5,183.291,247.658,"(['GAL(6_E_)', 'NAG(5_E_)'], [20.98, 25.36])","(['6.E', '5.E'], ['4C1', '4C1'])"
633,5gsq.pdb,DNeup5Aca2-6DGalpb1-4DGlcpNAcb1-2DManpa1-6[DManpa1-3]DManpb1-4DGlcpNAcb1-4DGlcpNAcb1-ASN,SIA(7_G_)-GAL(6_G_)-NAG(5_G_)-MAN(4_G_)-[MAN(8_G_)]-BMA(3_G_)-NAG(2_G_)-NAG(1_G_)-ASN(297_C_),G GAL 6 C2 C1 NAG 5 O4 C4,G GAL 6 C1 NAG 5 O4 C4 C5,188.771,245.473,"(['GAL(6_G_)', 'NAG(5_G_)'], [17.96, 26.96])","(['6.G', '5.G'], ['4C1', '4C1'])"
664,1d6q.pdb,DGalpb1-4DGlcpNAcb1-C3O2,GAL(2_B_)-NAG(1_B_)-GOL(133_A_),B GAL 2 C2 C1 NAG 1 O4 C4,B GAL 2 C1 NAG 1 O4 C4 C5,170.782,244.213,"(['GAL(2_B_)', 'NAG(1_B_)'], [19.82, 16.23])","(['2.B', '1.B'], ['4C1', '4C1'])"
665,5elc.pdb,LFucpa1-2DGalpb1-4[LFucpa1-3]DGlcpNAcb1-ROH,FUC(3_N_)-GAL(2_N_)-[FUC(4_N_)]-NAG(1_N_),N GAL 2 C2 C1 NAG 1 O4 C4,N GAL 2 C1 NAG 1 O4 C4 C5,165.495,239.532,"(['GAL(2_N_)', 'NAG(1_N_)'], [23.35, 25.96])","(['2.N', '1.N'], ['4C1', '4C1'])"
668,5vaa.pdb,DGalpb1-4DGlcpNAcb1-2DManpa1-6[DGlcpNAcb1-2DManpa1-3]DManpb1-4DGlcpNAcb1-4[LFucpa1-6]DGlcpNAcb1-ASN,FUC(9_D_)-[GAL(6_D_)-NAG(5_D_)-MAN(4_D_)-[NAG(8_D_)-MAN(7_D_)]-BMA(3_D_)-NAG(2_D_)]-NAG(1_D_)-ASN(297_B_),D GAL 6 C2 C1 NAG 5 O4 C4,D GAL 6 C1 NAG 5 O4 C4 C5,180.062,251.298,"(['GAL(6_D_)', 'NAG(5_D_)'], [26.98, 24.74])","(['6.D', '5.D'], ['4C1', '4C1'])"
689,7qcl.pdb,DGalpb1-4DGlcpNAcb1-2DManpa1-3[DGalpb1-4DGlcpNAcb1-2DManpa1-6]DManpb1-4DGlcpNAcb1-4[LFucpa1-6]DGlcpNAcb1-ASN,FUC(10_L_)-[GAL(9_L_)-NAG(8_L_)-MAN(7_L_)-[GAL(6_L_)-NAG(5_L_)-MAN(4_L_)]-BMA(3_L_)-NAG(2_L_)]-NAG(1_L_)-ASN(4703_B_),L GAL 6 C2 C1 NAG 5 O4 C4,L GAL 6 C1 NAG 5 O4 C4 C5,252.275,236.115,"(['GAL(6_L_)', 'NAG(5_L_)'], [30.0, 30.0])","(['6.L', '5.L'], ['4C1', '4C1'])"
690,7qcl.pdb,DGalpb1-4DGlcpNAcb1-2DManpa1-3[DGalpb1-4DGlcpNAcb1-2DManpa1-6]DManpb1-4DGlcpNAcb1-4[LFucpa1-6]DGlcpNAcb1-ASN,FUC(10_J_)-[GAL(9_J_)-NAG(8_J_)-MAN(7_J_)-[GAL(6_J_)-NAG(5_J_)-MAN(4_J_)]-BMA(3_J_)-NAG(2_J_)]-NAG(1_J_)-ASN(4839_A_),J GAL 9 C2 C1 NAG 8 O4 C4,J GAL 9 C1 NAG 8 O4 C4 C5,252.541,236.741,"(['GAL(9_J_)', 'NAG(8_J_)'], [30.0, 30.0])","(['9.J', '8.J'], ['4C1', '4C1'])"
691,7qcl.pdb,DGalpb1-4DGlcpNAcb1-2DManpa1-3[DGalpb1-4DGlcpNAcb1-2DManpa1-6]DManpb1-4DGlcpNAcb1-4[LFucpa1-6]DGlcpNAcb1-ASN,FUC(10_J_)-[GAL(9_J_)-NAG(8_J_)-MAN(7_J_)-[GAL(6_J_)-NAG(5_J_)-MAN(4_J_)]-BMA(3_J_)-NAG(2_J_)]-NAG(1_J_)-ASN(4839_A_),J GAL 6 C2 C1 NAG 5 O4 C4,J GAL 6 C1 NAG 5 O4 C4 C5,237.929,223.806,"(['GAL(6_J_)', 'NAG(5_J_)'], [30.0, 30.0])","(['6.J', '5.J'], ['4C1', '4C1'])"
692,7qcl.pdb,DGalpb1-4DGlcpNAcb1-2DManpa1-3[DGalpb1-4DGlcpNAcb1-2DManpa1-6]DManpb1-4DGlcpNAcb1-4[LFucpa1-6]DGlcpNAcb1-ASN,FUC(10_C_)-[GAL(9_C_)-NAG(8_C_)-MAN(7_C_)-[GAL(6_C_)-NAG(5_C_)-MAN(4_C_)]-BMA(3_C_)-NAG(2_C_)]-NAG(1_C_)-ASN(4832_A_),C GAL 9 C2 C1 NAG 8 O4 C4,C GAL 9 C1 NAG 8 O4 C4 C5,145.471,222.57,"(['GAL(9_C_)', 'NAG(8_C_)'], [30.0, 30.0])","(['9.C', '8.C'], ['4C1', '4C1'])"
693,7qcl.pdb,DGalpb1-4DGlcpNAcb1-2DManpa1-3[DGalpb1-4DGlcpNAcb1-2DManpa1-6]DManpb1-4DGlcpNAcb1-4[LFucpa1-6]DGlcpNAcb1-ASN,FUC(10_C_)-[GAL(9_C_)-NAG(8_C_)-MAN(7_C_)-[GAL(6_C_)-NAG(5_C_)-MAN(4_C_)]-BMA(3_C_)-NAG(2_C_)]-NAG(1_C_)-ASN(4832_A_),C GAL 6 C2 C1 NAG 5 O4 C4,C GAL 6 C1 NAG 5 O4 C4 C5,143.488,251.853,"(['GAL(6_C_)', 'NAG(5_C_)'], [30.0, 30.0])","(['6.C', '5.C'], ['4C1', '4C1'])"
694,7qcl.pdb,DGalpb1-4DGlcpNAcb1-2DManpa1-3[DGalpb1-4DGlcpNAcb1-2DManpa1-6]DManpb1-4DGlcpNAcb1-4[LFucpa1-6]DGlcpNAcb1-ASN,FUC(10_G_)-[GAL(9_G_)-NAG(8_G_)-MAN(7_G_)-[GAL(6_G_)-NAG(5_G_)-MAN(4_G_)]-BMA(3_G_)-NAG(2_G_)]-NAG(1_G_)-ASN(4703_A_),G GAL 9 C2 C1 NAG 8 O4 C4,G GAL 9 C1 NAG 8 O4 C4 C5,151.188,224.821,"(['GAL(9_G_)', 'NAG(8_G_)'], [30.0, 30.0])","(['9.G', '8.G'], ['4C1', '4C1'])"
695,7qcl.pdb,DGalpb1-4DGlcpNAcb1-2DManpa1-3[DGalpb1-4DGlcpNAcb1-2DManpa1-6]DManpb1-4DGlcpNAcb1-4[LFucpa1-6]DGlcpNAcb1-ASN,FUC(10_G_)-[GAL(9_G_)-NAG(8_G_)-MAN(7_G_)-[GAL(6_G_)-NAG(5_G_)-MAN(4_G_)]-BMA(3_G_)-NAG(2_G_)]-NAG(1_G_)-ASN(4703_A_),G GAL 6 C2 C1 NAG 5 O4 C4,G GAL 6 C1 NAG 5 O4 C4 C5,134.558,223.228,"(['GAL(6_G_)', 'NAG(5_G_)'], [30.0, 30.0])","(['6.G', '5.G'], ['4C1', '4C1'])"
697,7qcl.pdb,DGalpb1-4DGlcpNAcb1-2DManpa1-3[DGalpb1-4DGlcpNAcb1-2DManpa1-6]DManpb1-4DGlcpNAcb1-4[LFucpa1-6]DGlcpNAcb1-ASN,FUC(10_F_)-[GAL(9_F_)-NAG(8_F_)-MAN(7_F_)-[GAL(6_F_)-NAG(5_F_)-MAN(4_F_)]-BMA(3_F_)-NAG(2_F_)]-NAG(1_F_)-ASN(4839_B_),F GAL 6 C2 C1 NAG 5 O4 C4,F GAL 6 C1 NAG 5 O4 C4 C5,244.025,241.369,"(['GAL(6_F_)', 'NAG(5_F_)'], [30.0, 30.0])","(['6.F', '5.F'], ['4C1', '4C1'])"
698,7qcl.pdb,DGalpb1-4DGlcpNAcb1-2DManpa1-3[DGalpb1-4DGlcpNAcb1-2DManpa1-6]DManpb1-4DGlcpNAcb1-4[LFucpa1-6]DGlcpNAcb1-ASN,FUC(10_Q_)-[GAL(9_Q_)-NAG(8_Q_)-MAN(7_Q_)-[GAL(6_Q_)-NAG(5_Q_)-MAN(4_Q_)]-BMA(3_Q_)-NAG(2_Q_)]-NAG(1_Q_)-ASN(4832_B_),Q GAL 9 C2 C1 NAG 8 O4 C4,Q GAL 9 C1 NAG 8 O4 C4 C5,166.029,230.645,"(['GAL(9_Q_)', 'NAG(8_Q_)'], [30.0, 30.0])","(['9.Q', '8.Q'], ['4C1', '4C1'])"
699,7qcl.pdb,DGalpb1-4DGlcpNAcb1-2DManpa1-3[DGalpb1-4DGlcpNAcb1-2DManpa1-6]DManpb1-4DGlcpNAcb1-4[LFucpa1-6]DGlcpNAcb1-ASN,FUC(10_Q_)-[GAL(9_Q_)-NAG(8_Q_)-MAN(7_Q_)-[GAL(6_Q_)-NAG(5_Q_)-MAN(4_Q_)]-BMA(3_Q_)-NAG(2_Q_)]-NAG(1_Q_)-ASN(4832_B_),Q GAL 6 C2 C1 NAG 5 O4 C4,Q GAL 6 C1 NAG 5 O4 C4 C5,150.646,227.239,"(['GAL(6_Q_)', 'NAG(5_Q_)'], [30.0, 30.0])","(['6.Q', '5.Q'], ['4C1', '4C1'])"
702,7qcl.pdb,DGalpb1-4DGlcpNAcb1-2[DGalpb1-4DGlcpNAcb1-4]DManpa1-3[DGalpb1-4DGlcpNAcb1-4DManpa1-6]DManpb1-4DGlcpNAcb1-4[LFucpa1-6]DGlcpNAcb1-ASN,FUC(12_O_)-[GAL(11_O_)-NAG(10_O_)-MAN(9_O_)-[GAL(8_O_)-NAG(7_O_)-[GAL(6_O_)-NAG(5_O_)]-MAN(4_O_)]-BMA(3_O_)-NAG(2_O_)]-NAG(1_O_)-ASN(4567_B_),O GAL 6 C2 C1 NAG 5 O4 C4,O GAL 6 C1 NAG 5 O4 C4 C5,174.978,230.771,"(['GAL(6_O_)', 'NAG(5_O_)'], [30.0, 30.0])","(['6.O', '5.O'], ['4C1', '4C1'])"
703,7qcl.pdb,DGalpb1-4DGlcpNAcb1-2DManpa1-3[DGalpb1-4DGlcpNAcb1-2DManpa1-6]DManpb1-4DGlcpNAcb1-4DGlcpNAcb1-ASN,GAL(9_K_)-NAG(8_K_)-MAN(7_K_)-[GAL(6_K_)-NAG(5_K_)-MAN(4_K_)]-BMA(3_K_)-NAG(2_K_)-NAG(1_K_)-ASN(4578_A_),K GAL 9 C2 C1 NAG 8 O4 C4,K GAL 9 C1 NAG 8 O4 C4 C5,152.089,248.146,"(['GAL(9_K_)', 'NAG(8_K_)'], [30.0, 30.0])","(['9.K', '8.K'], ['4C1', '4C1'])"
704,7qcl.pdb,DGalpb1-4DGlcpNAcb1-2DManpa1-3[DGalpb1-4DGlcpNAcb1-2DManpa1-6]DManpb1-4DGlcpNAcb1-4DGlcpNAcb1-ASN,GAL(9_K_)-NAG(8_K_)-MAN(7_K_)-[GAL(6_K_)-NAG(5_K_)-MAN(4_K_)]-BMA(3_K_)-NAG(2_K_)-NAG(1_K_)-ASN(4578_A_),K GAL 6 C2 C1 NAG 5 O4 C4,K GAL 6 C1 NAG 5 O4 C4 C5,137.629,219.512,"(['GAL(6_K_)', 'NAG(5_K_)'], [30.0, 30.0])","(['6.K', '5.K'], ['4C1', '4C1'])"
705,7qcl.pdb,DGalpb1-4DGlcpNAcb1-2[DGalpb1-4DGlcpNAcb1-4]DManpa1-3[DGalpb1-4DGlcpNAcb1-2[DGalpb1-4DGlcpNAcb1-4]DManpa1-6]DManpb1-4DGlcpNAcb1-4[LFucpa1-6]DGlcpNAcb1-ASN,FUC(14_D_)-[GAL(13_D_)-NAG(12_D_)-[GAL(11_D_)-NAG(10_D_)]-MAN(9_D_)-[GAL(8_D_)-NAG(7_D_)-[GAL(6_D_)-NAG(5_D_)]-MAN(4_D_)]-BMA(3_D_)-NAG(2_D_)]-NAG(1_D_)-ASN(4567_A_),D GAL 13 C2 C1 NAG 12 O4 ,D GAL 13 C1 NAG 12 O4 C4 ,223.287,229.861,"(['GAL(13_D_)', 'NAG(12_D_)'], [30.0, 30.0])","(['13.D', '12.D'], ['4C1', '4C1'])"
706,7qcl.pdb,DGalpb1-4DGlcpNAcb1-2[DGalpb1-4DGlcpNAcb1-4]DManpa1-3[DGalpb1-4DGlcpNAcb1-2[DGalpb1-4DGlcpNAcb1-4]DManpa1-6]DManpb1-4DGlcpNAcb1-4[LFucpa1-6]DGlcpNAcb1-ASN,FUC(14_D_)-[GAL(13_D_)-NAG(12_D_)-[GAL(11_D_)-NAG(10_D_)]-MAN(9_D_)-[GAL(8_D_)-NAG(7_D_)-[GAL(6_D_)-NAG(5_D_)]-MAN(4_D_)]-BMA(3_D_)-NAG(2_D_)]-NAG(1_D_)-ASN(4567_A_),D GAL 11 C2 C1 NAG 10 O4 ,D GAL 11 C1 NAG 10 O4 C4 ,269.8638,240.794,"(['GAL(11_D_)', 'NAG(10_D_)'], [30.0, 30.0])","(['11.D', '10.D'], ['4C1', '4C1'])"
707,7qcl.pdb,DGalpb1-4DGlcpNAcb1-2[DGalpb1-4DGlcpNAcb1-4]DManpa1-3[DGalpb1-4DGlcpNAcb1-2[DGalpb1-4DGlcpNAcb1-4]DManpa1-6]DManpb1-4DGlcpNAcb1-4[LFucpa1-6]DGlcpNAcb1-ASN,FUC(14_D_)-[GAL(13_D_)-NAG(12_D_)-[GAL(11_D_)-NAG(10_D_)]-MAN(9_D_)-[GAL(8_D_)-NAG(7_D_)-[GAL(6_D_)-NAG(5_D_)]-MAN(4_D_)]-BMA(3_D_)-NAG(2_D_)]-NAG(1_D_)-ASN(4567_A_),D GAL 8 C2 C1 NAG 7 O4 C4,D GAL 8 C1 NAG 7 O4 C4 C5,122.411,51.7472,"(['GAL(8_D_)', 'NAG(7_D_)'], [30.0, 30.0])","(['8.D', '7.D'], ['4C1', '4C1'])"
708,7qcl.pdb,DGalpb1-4DGlcpNAcb1-2[DGalpb1-4DGlcpNAcb1-4]DManpa1-3[DGalpb1-4DGlcpNAcb1-2[DGalpb1-4DGlcpNAcb1-4]DManpa1-6]DManpb1-4DGlcpNAcb1-4[LFucpa1-6]DGlcpNAcb1-ASN,FUC(14_D_)-[GAL(13_D_)-NAG(12_D_)-[GAL(11_D_)-NAG(10_D_)]-MAN(9_D_)-[GAL(8_D_)-NAG(7_D_)-[GAL(6_D_)-NAG(5_D_)]-MAN(4_D_)]-BMA(3_D_)-NAG(2_D_)]-NAG(1_D_)-ASN(4567_A_),D GAL 6 C2 C1 NAG 5 O4 C4,D GAL 6 C1 NAG 5 O4 C4 C5,192.318,229.07,"(['GAL(6_D_)', 'NAG(5_D_)'], [30.0, 30.0])","(['6.D', '5.D'], ['4C1', '4C1'])"
709,7qcl.pdb,DGalpb1-4DGlcpNAcb1-2DManpa1-3[DGalpb1-4DGlcpNAcb1-2DManpa1-6]DManpb1-4DGlcpNAcb1-4DGlcpNAcb1-ASN,GAL(9_H_)-NAG(8_H_)-MAN(7_H_)-[GAL(6_H_)-NAG(5_H_)-MAN(4_H_)]-BMA(3_H_)-NAG(2_H_)-NAG(1_H_)-ASN(4578_B_),H GAL 9 C2 C1 NAG 8 O4 C4,H GAL 9 C1 NAG 8 O4 C4 C5,265.1323,237.647,"(['GAL(9_H_)', 'NAG(8_H_)'], [30.0, 30.0])","(['9.H', '8.H'], ['4C1', '4C1'])"
710,7qcl.pdb,DGalpb1-4DGlcpNAcb1-2DManpa1-3[DGalpb1-4DGlcpNAcb1-2DManpa1-6]DManpb1-4DGlcpNAcb1-4DGlcpNAcb1-ASN,GAL(9_H_)-NAG(8_H_)-MAN(7_H_)-[GAL(6_H_)-NAG(5_H_)-MAN(4_H_)]-BMA(3_H_)-NAG(2_H_)-NAG(1_H_)-ASN(4578_B_),H GAL 6 C2 C1 NAG 5 O4 C4,H GAL 6 C1 NAG 5 O4 C4 C5,264.0655,241.322,"(['GAL(6_H_)', 'NAG(5_H_)'], [30.0, 30.0])","(['6.H', '5.H'], ['4C1', '4C1'])"
711,1fc1.pdb,DGalpb1-4DGlcpNAcb1-2DManpa1-6[DGlcpNAcb1-2DManpa1-3]DManpb1-4DGlcpNAcb1-4[DAltp[6H]a1-6]DGlcpNAcb1-ASN,FUC(9_D_)-[GAL(6_D_)-NAG(5_D_)-MAN(4_D_)-[NAG(8_D_)-MAN(7_D_)]-MAN(3_D_)-NAG(2_D_)]-NAG(1_D_)-ASN(297_B_),D GAL 6 C2 C1 NAG 5 O4 C4,D GAL 6 C1 NAG 5 O4 C4 C5,70.5003,178.066,"(['GAL(6_D_)', 'NAG(5_D_)'], [26.96, 26.56])","(['6.D', '5.D'], ['4C1', '4C1'])"
737,2wt1.pdb,DGalpb1-4DGlcpNAcb1-3DGalpb1-4DGlcpb1-ROH,GAL(4_B_)-NAG(3_B_)-GAL(2_B_)-BGC(1_B_),B GAL 4 C2 C1 NAG 3 O4 C4,B GAL 4 C1 NAG 3 O4 C4 C5,167.666,221.545,"(['GAL(4_B_)', 'NAG(3_B_)'], [27.88, 28.9])","(['4.B', '3.B'], ['4C1', '4C1'])"
741,2d6o.pdb,DGalpb1-4DGlcpNAcb1-3DGalpb1-4DGlcpNAcb1-ROH,GAL(4_A_)-NAG(3_A_)-GAL(2_A_)-NAG(1_A_),A GAL 4 C2 C1 NAG 3 O4 C4,A GAL 4 C1 NAG 3 O4 C4 C5,171.11,257.02,"(['GAL(4_A_)', 'NAG(3_A_)'], [22.39, 25.34])","(['4.A', '3.A'], ['4C1', '4C1'])"
745,4yg6.pdb,DGalpb1-4DGlcpNAcb1-3DGalpb1-4DGlcpx1-,GAL(4_G_)-NAG(3_G_)-GAL(2_G_)-BGC(1_G_),G GAL 4 C2 C1 NAG 3 O4 C4,G GAL 4 C1 NAG 3 O4 C4 C5,167.21,243.552,"(['GAL(4_G_)', 'NAG(3_G_)'], [7.51, 9.94])","(['4.G', '3.G'], ['4C1', '4C1'])"
746,4yg6.pdb,DGalpb1-4DGlcpNAcb1-3DGalpb1-4DGlcp[6H]b1-ROH,GAL(4_F_)-NAG(3_F_)-GAL(2_F_)-BGC(1_F_),F GAL 4 C2 C1 NAG 3 O4 C4,F GAL 4 C1 NAG 3 O4 C4 C5,172.7,246.233,"(['GAL(4_F_)', 'NAG(3_F_)'], [9.01, 15.21])","(['4.F', '3.F'], ['4C1', '4C1'])"
747,4yg6.pdb,DGalpb1-4DGlcpNAcb1-3DGalpb1-4DGlcpb1-ROH,GAL(4_E_)-NAG(3_E_)-GAL(2_E_)-BGC(1_E_),E GAL 4 C2 C1 NAG 3 O4 C4,E GAL 4 C1 NAG 3 O4 C4 C5,166.81,246.028,"(['GAL(4_E_)', 'NAG(3_E_)'], [6.74, 9.08])","(['4.E', '3.E'], ['4C1', '4C1'])"
748,1gx4.pdb,DGalpb1-4DGlcpNAcb1-ROH,GAL(2_D_)-NAG(1_D_),D GAL 2 C2 C1 NAG 1 O4 C4,D GAL 2 C1 NAG 1 O4 C4 C5,158.749,235.074,"(['GAL(2_D_)', 'NAG(1_D_)'], [15.87, 19.36])","(['2.D', '1.D'], ['4C1', '4C1'])"
749,1gx4.pdb,DGalpb1-4DGlcpNAcb1-ROH,GAL(2_C_)-NAG(1_C_),C GAL 2 C2 C1 NAG 1 O4 C4,C GAL 2 C1 NAG 1 O4 C4 C5,159.145,230.817,"(['GAL(2_C_)', 'NAG(1_C_)'], [16.96, 22.92])","(['2.C', '1.C'], ['4C1', '4C1'])"
765,2zhm.pdb,DGalpb1-4DGlcpNAcb1-3DGalpb1-4DGlcpNAcb1-3DGalpb1-ROH,GAL(5_G_)-NAG(4_G_)-GAL(3_G_)-NAG(2_G_)-GAL(1_G_),G GAL 3 C2 C1 NAG 2 O4 C4,G GAL 3 C1 NAG 2 O4 C4 C5,170.001,260.2967,"(['GAL(3_G_)', 'NAG(2_G_)'], [20.73, 26.35])","(['3.G', '2.G'], ['4C1', '4C1'])"
767,2zhm.pdb,DGalpb1-4DGlcpNAcb1-3DGalpb1-4DGlcpNAcb1-ROH,GAL(4_H_)-NAG(3_H_)-GAL(2_H_)-NAG(1_H_),H GAL 2 C2 C1 NAG 1 O4 C4,H GAL 2 C1 NAG 1 O4 C4 C5,163.395,257.639,"(['GAL(2_H_)', 'NAG(1_H_)'], [20.75, 25.79])","(['2.H', '1.H'], ['4C1', '4C1'])"
770,2zhm.pdb,DGalpb1-4DGlcpNAcb1-3DGalpb1-4DGlcpNAcb1-3DGalpb1-4DGlcpNAcb1-C6N1O3,GAL(6_E_)-NAG(5_E_)-GAL(4_E_)-NAG(3_E_)-GAL(2_E_)-NAG(1_E_),E GAL 2 C2 C1 NAG 1 O4 C4,E GAL 2 C1 NAG 1 O4 C4 C5,164.656,257.582,"(['GAL(2_E_)', 'NAG(1_E_)'], [19.5, 22.89])","(['2.E', '1.E'], ['4C1', '4C1'])"
773,2zhm.pdb,DGalpb1-4DGlcpNAcb1-3DGalpb1-4DGlcpNAcb1-3DGalpb1-4DGlcpNAcb1-C6N1O3,GAL(6_F_)-NAG(5_F_)-GAL(4_F_)-NAG(3_F_)-GAL(2_F_)-NAG(1_F_),F GAL 2 C2 C1 NAG 1 O4 C4,F GAL 2 C1 NAG 1 O4 C4 C5,164.456,253.933,"(['GAL(2_F_)', 'NAG(1_F_)'], [17.41, 18.89])","(['2.F', '1.F'], ['4C1', '4C1'])"
