pdb,phi site,psi site,phi,psi
4aha.pdb,F FUC 2 C2 C1 NAG 1 O4 C4,F FUC 2 C1 NAG 1 O4 C4 C5,138.847,212.662
6xun.pdb,G FUC 4 C2 C1 NAG 1 O4 C4,G FUC 4 C1 NAG 1 O4 C4 C5,176.589,250.382
6xun.pdb,F FUC 4 C2 C1 NAG 1 O4 C4,F FUC 4 C1 NAG 1 O4 C4 C5,173.737,252.792
6xun.pdb,E FUC 4 C2 C1 NAG 1 O4 C4,E FUC 4 C1 NAG 1 O4 C4 C5,170.475,261.9868
3asr.pdb,D FUC 3 C2 C1 NAG 1 O4 C4,D FUC 3 C1 NAG 1 O4 C4 C5,169.42,257.308
3asr.pdb,C FUC 3 C2 C1 NAG 1 O4 C4,C FUC 3 C1 NAG 1 O4 C4 C5,164.772,258.743
5f7m.pdb,E FUC 6 C2 C1 NAG 3 O4 C4,E FUC 6 C1 NAG 3 O4 C4 C5,152.578,263.9155
5f7m.pdb,F FUC 6 C2 C1 NAG 3 O4 C4,F FUC 6 C1 NAG 3 O4 C4 C5,164.779,260.8297
3sej.pdb,K FUC 6 C2 C1 NAG 3 O4 C4,K FUC 6 C1 NAG 3 O4 C4 C5,164.65,262.3573
3sej.pdb,Q FUC 6 C2 C1 NAG 3 O4 C4,Q FUC 6 C1 NAG 3 O4 C4 C5,174.467,250.65
3sej.pdb,M FUC 6 C2 C1 NAG 3 O4 C4,M FUC 6 C1 NAG 3 O4 C4 C5,156.732,265.0435
3sej.pdb,L FUC 6 C2 C1 NAG 3 O4 C4,L FUC 6 C1 NAG 3 O4 C4 C5,149.053,280.9181
3sej.pdb,N FUC 6 C2 C1 NAG 3 O4 C4,N FUC 6 C1 NAG 3 O4 C4 C5,171.454,261.001
3sej.pdb,P FUC 6 C2 C1 NAG 3 O4 C4,P FUC 6 C1 NAG 3 O4 C4 C5,186.181,251.094
3sej.pdb,R FUC 6 C2 C1 NAG 3 O4 C4,R FUC 6 C1 NAG 3 O4 C4 C5,184.316,253.477
3sej.pdb,O FUC 6 C2 C1 NAG 3 O4 C4,O FUC 6 C1 NAG 3 O4 C4 C5,177.299,265.7428
4zh7.pdb,B FUC 5 C2 C1 NAG 2 O4 C4,B FUC 5 C1 NAG 2 O4 C4 C5,151.034,247.10399999999998
7khu.pdb,E FUC 6 C2 C1 NAG 3 O4 C4,E FUC 6 C1 NAG 3 O4 C4 C5,157.663,258.319
7khu.pdb,C FUC 6 C2 C1 NAG 3 O4 C4,C FUC 6 C1 NAG 3 O4 C4 C5,160.636,251.197
3uet.pdb,C FUC 3 C2 C1 NAG 1 O4 C4,C FUC 3 C1 NAG 1 O4 C4 C5,84.8459,220.447
4opo.pdb,C FUC 4 C2 C1 NAG 1 O4 C4,C FUC 4 C1 NAG 1 O4 C4 C5,169.555,259.467
4opo.pdb,D FUC 4 C2 C1 NAG 1 O4 C4,D FUC 4 C1 NAG 1 O4 C4 C5,168.167,263.2937
5f7w.pdb,E FUC 7 C2 C1 NAG 3 O4 C4,E FUC 7 C1 NAG 3 O4 C4 C5,166.885,261.9863
5f7w.pdb,F FUC 7 C2 C1 NAG 3 O4 C4,F FUC 7 C1 NAG 3 O4 C4 C5,151.307,263.9212
4p3i.pdb,G FUC 3 C2 C1 NAG 1 O4 C4,G FUC 3 C1 NAG 1 O4 C4 C5,188.857,257.675
4p3i.pdb,F FUC 3 C2 C1 NAG 1 O4 C4,F FUC 3 C1 NAG 1 O4 C4 C5,172.318,251.515
4p3i.pdb,E FUC 3 C2 C1 NAG 1 O4 C4,E FUC 3 C1 NAG 1 O4 C4 C5,164.488,266.1091
4p3i.pdb,H FUC 3 C2 C1 NAG 1 O4 C4,H FUC 3 C1 NAG 1 O4 C4 C5,162.379,258.001
6or4.pdb,C FUC 3 C2 C1 NAG 1 O4 C4,C FUC 3 C1 NAG 1 O4 C4 C5,86.8544,212.902
6or4.pdb,D FUC 3 C2 C1 NAG 1 O4 C4,D FUC 3 C1 NAG 1 O4 C4 C5,79.2184,218.685
3ast.pdb,C FUC 4 C2 C1 NAG 1 O4 C4,C FUC 4 C1 NAG 1 O4 C4 C5,169.614,260.3018
3ast.pdb,D FUC 4 C2 C1 NAG 1 O4 C4,D FUC 4 C1 NAG 1 O4 C4 C5,167.832,257.532
6xuk.pdb,A FUC 4 C2 C1 NAG 1 O4 C4,A FUC 4 C1 NAG 1 O4 C4 C5,168.941,259.549
7l64.pdb,B FUC 3 C2 C1 NAG 1 O4 C4,B FUC 3 C1 NAG 1 O4 C4 C5,168.428,257.116
5f93.pdb,J FUC 6 C2 C1 NAG 3 O4 C4,J FUC 6 C1 NAG 3 O4 C4 C5,155.803,258.09000000000003
5f93.pdb,L FUC 6 C2 C1 NAG 3 O4 C4,L FUC 6 C1 NAG 3 O4 C4 C5,154.47,254.358
5f93.pdb,I FUC 6 C2 C1 NAG 3 O4 C4,I FUC 6 C1 NAG 3 O4 C4 C5,149.488,253.728
5f93.pdb,K FUC 6 C2 C1 NAG 3 O4 C4,K FUC 6 C1 NAG 3 O4 C4 C5,161.392,259.147
6l6r.pdb,H FUC 2 C2 C1 NAG 1 O4 C4,H FUC 2 C1 NAG 1 O4 C4 C5,156.87,230.677
6l6r.pdb,H FUC 3 C2 C1 NAG 1 O4 C4,H FUC 3 C1 NAG 1 O4 C4 C5,249.65699999999998,319.6412
6l6r.pdb,F FUC 2 C2 C1 NAG 1 O4 C4,F FUC 2 C1 NAG 1 O4 C4 C5,135.814,222.916
6l6r.pdb,F FUC 3 C2 C1 NAG 1 O4 C4,F FUC 3 C1 NAG 1 O4 C4 C5,259.991,305.97249999999997
7jhz.pdb,F FUC 6 C2 C1 NAG 3 O4 C4,F FUC 6 C1 NAG 3 O4 C4 C5,129.258,64.8463
7jhz.pdb,E FUC 5 C2 C1 NAG 2 O4 C4,E FUC 5 C1 NAG 2 O4 C4 C5,153.713,260.1922
5f7n.pdb,F FUC 5 C2 C1 NAG 1 O4 C4,F FUC 5 C1 NAG 1 O4 C4 C5,161.861,256.83799999999997
5f7n.pdb,E FUC 5 C2 C1 NAG 1 O4 C4,E FUC 5 C1 NAG 1 O4 C4 C5,163.837,260.5422
5zvc.pdb,C FUC 3 C2 C1 NAG 1 O4 C4,C FUC 3 C1 NAG 1 O4 C4 C5,162.704,261.277
5zvc.pdb,D FUC 3 C2 C1 NAG 1 O4 C4,D FUC 3 C1 NAG 1 O4 C4 C5,161.603,270.5523
6xtg.pdb,A FUC 4 C2 C1 NAG 1 O4 C4,A FUC 4 C1 NAG 1 O4 C4 C5,163.041,263.1877
4gwj.pdb,B FUC 4 C2 C1 NAG 1 O4 C4,B FUC 4 C1 NAG 1 O4 C4 C5,159.431,263.9101
7lir.pdb,E FUC 2 C2 C1 NAG 1 O4 C4,E FUC 2 C1 NAG 1 O4 C4 C5,177.291,297.6345
5f9a.pdb,B FUC 6 C2 C1 NAG 3 O4 C4,B FUC 6 C1 NAG 3 O4 C4 C5,170.784,232.71699999999998
4ut5.pdb,F FUC 4 C2 C1 NAG 2 O4 C4,F FUC 4 C1 NAG 2 O4 C4 C5,164.698,264.6081
4ut5.pdb,G FUC 4 C2 C1 NAG 2 O4 C4,G FUC 4 C1 NAG 2 O4 C4 C5,173.764,260.9703
4ut5.pdb,E FUC 4 C2 C1 NAG 2 O4 C4,E FUC 4 C1 NAG 2 O4 C4 C5,170.465,262.0237
4ut5.pdb,H FUC 3 C2 C1 NAG 1 O4 C4,H FUC 3 C1 NAG 1 O4 C4 C5,167.368,268.4231
5f9d.pdb,B FUC 7 C2 C1 NAG 3 O4 C4,B FUC 7 C1 NAG 3 O4 C4 C5,157.027,257.087
5a6z.pdb,E FUC 4 C2 C1 NAG 2 O4 C4,E FUC 4 C1 NAG 2 O4 C4 C5,171.868,258.273
5a6z.pdb,G FUC 4 C2 C1 NAG 2 O4 C4,G FUC 4 C1 NAG 2 O4 C4 C5,169.566,258.387
5a6z.pdb,F FUC 3 C2 C1 NAG 1 O4 C4,F FUC 3 C1 NAG 1 O4 C4 C5,171.771,259.326
5a6z.pdb,H FUC 4 C2 C1 NAG 2 O4 C4,H FUC 4 C1 NAG 2 O4 C4 C5,168.0,260.7358
4rm0.pdb,C FUC 3 C2 C1 NAG 1 O4 C4,C FUC 3 C1 NAG 1 O4 C4 C5,168.428,264.6116
4ops.pdb,C FUC 4 C2 C1 NAG 1 O4 C4,C FUC 4 C1 NAG 1 O4 C4 C5,167.383,257.579
6idv.pdb,E FUC 3 C2 C1 NAG 2 O4 C4,E FUC 3 C1 NAG 2 O4 C4 C5,340.08820000000003,238.027
6idv.pdb,C FUC 3 C2 C1 NAG 2 O4 C4,C FUC 3 C1 NAG 2 O4 C4 C5,145.626,217.344
5urz.pdb,C FUC 2 C2 C1 NAG 1 O4 C4,C FUC 2 C1 NAG 1 O4 C4 C5,146.368,247.805
5urz.pdb,C FUC 3 C2 C1 NAG 1 O4 C4,C FUC 3 C1 NAG 1 O4 C4 C5,272.2123,300.4514
3ass.pdb,D FUC 4 C2 C1 NAG 1 O4 C4,D FUC 4 C1 NAG 1 O4 C4 C5,167.539,258.286
3ass.pdb,C FUC 4 C2 C1 NAG 1 O4 C4,C FUC 4 C1 NAG 1 O4 C4 C5,168.83,259.74
5f8r.pdb,F FUC 6 C2 C1 NAG 3 O4 C4,F FUC 6 C1 NAG 3 O4 C4 C5,158.87,256.68
5f8r.pdb,E FUC 6 C2 C1 NAG 3 O4 C4,E FUC 6 C1 NAG 3 O4 C4 C5,151.791,269.02729999999997
